Booking_ID,Region,Guest_Type,Nights_Stayed,Nightly_Rate_EUR,Total_Spend_EUR,Satisfaction_Score
BKG-10000,Ionian Islands,Solo,2,213.31,433.31,9.5
BKG-10001,Dodecanese,Business,6,160.99,1022.03,7.8
BKG-10002,Crete,Couple,12,164.3,2044.13,8.7
BKG-10003,Attica,Business,5,116.51,648.02,7.6
BKG-10004,Cyclades,Business,13,130.1,1725.28,10.0
BKG-10005,Cyclades,Solo,10,122.46,1304.73,7.4
BKG-10006,Cyclades,Business,9,153.44,1406.33,7.7
BKG-10007,Peloponnese,Solo,12,175.55,2182.75,9.6
BKG-10008,Crete,Family,5,164.69,851.47,8.0
BKG-10009,Crete,Family,2,213.52,470.0,9.6
BKG-10010,Cyclades,Solo,5,114.49,635.24,8.7
BKG-10011,Dodecanese,Family,12,154.59,1875.76,8.0
BKG-10012,Peloponnese,Couple,4,98.68,474.1,7.6
BKG-10013,Cyclades,Business,11,113.13,1287.27,7.6
BKG-10014,Cyclades,Couple,7,200.58,1456.81,8.0
BKG-10015,Cyclades,Business,6,131.47,862.06,8.3
BKG-10016,Ionian Islands,Family,14,117.87,1684.32,7.5
BKG-10017,Attica,Couple,2,64.8,200.82,8.4
BKG-10018,Attica,Family,12,117.47,1492.45,7.2
BKG-10019,Ionian Islands,Business,11,141.79,1596.58,9.4
BKG-10020,Crete,Solo,11,95.7,1130.09,9.6
BKG-10021,Cyclades,Solo,13,139.49,1828.16,7.7
BKG-10022,Ionian Islands,Couple,5,200.83,1061.94,7.6
BKG-10023,Ionian Islands,Family,7,121.71,877.4,8.7
BKG-10024,Attica,Family,11,112.26,1303.71,10.0
BKG-10025,Crete,Couple,7,105.04,802.49,10.0
BKG-10026,Cyclades,Solo,5,104.33,613.2,6.8
BKG-10027,Attica,Business,12,171.42,2135.47,9.7
BKG-10028,Attica,Couple,9,151.95,1414.23,8.4
BKG-10029,Cyclades,Business,4,188.27,781.45,8.4
BKG-10030,Crete,Solo,11,230.79,2600.0,9.1
BKG-10031,Cyclades,Family,3,76.78,279.13,7.9
BKG-10032,Cyclades,Solo,4,165.2,741.82,9.8
BKG-10033,Dodecanese,Couple,5,105.26,532.97,10.0
BKG-10034,Dodecanese,Family,13,181.56,2454.04,10.0
BKG-10035,Peloponnese,Couple,6,139.12,895.36,6.3
BKG-10036,Ionian Islands,Couple,3,151.09,487.01,8.2
BKG-10037,Cyclades,Solo,2,98.67,262.02,6.2
BKG-10038,Crete,Couple,14,132.94,1937.11,7.6
BKG-10039,Attica,Solo,13,153.59,2048.96,5.6
BKG-10040,Cyclades,Family,4,204.24,831.66,9.0
BKG-10041,Attica,Solo,5,118.22,635.22,8.8
BKG-10042,Cyclades,Family,4,127.97,582.67,8.0
BKG-10043,Dodecanese,Solo,14,187.77,2688.71,7.6
BKG-10044,Ionian Islands,Business,11,115.63,1318.8,8.9
BKG-10045,Crete,Business,13,195.7,2620.27,7.3
BKG-10046,Ionian Islands,Couple,12,149.64,1860.47,7.2
BKG-10047,Attica,Solo,3,162.12,552.69,
BKG-10048,Attica,Solo,8,164.7,1359.39,8.3
BKG-10049,Cyclades,Family,10,125.35,1293.35,7.8
BKG-10050,Dodecanese,Couple,4,165.6,678.4,8.0
BKG-10051,Crete,Solo,14,119.11,1712.35,9.1
BKG-10052,Dodecanese,Couple,2,129.92,328.55,9.7
BKG-10053,Peloponnese,Business,2,172.35,390.62,10.0
BKG-10054,Attica,Solo,1,161.74,220.65,8.6
BKG-10055,Dodecanese,Solo,13,147.0,1983.22,8.9
BKG-10056,Cyclades,Couple,4,99.65,456.06,8.7
BKG-10057,Cyclades,Solo,10,109.63,1155.71,6.5
BKG-10058,Cyclades,Couple,9,161.07,1472.47,8.1
BKG-10059,Ionian Islands,Solo,14,179.29,2553.61,8.1
BKG-10060,Ionian Islands,Family,11,105.61,1246.24,7.9
BKG-10061,Ionian Islands,Couple,7,116.41,866.95,8.5
BKG-10062,Peloponnese,Solo,12,155.37,1952.37,8.2
BKG-10063,Ionian Islands,Business,10,154.51,1580.64,7.3
BKG-10064,Ionian Islands,Solo,7,85.04,649.96,8.3
BKG-10065,Attica,Business,13,156.46,2076.33,7.7
BKG-10066,Cyclades,Business,7,126.07,944.33,5.4
BKG-10067,Peloponnese,Family,8,215.64,1793.02,6.8
BKG-10068,Cyclades,Couple,1,159.97,222.02,8.6
BKG-10069,Dodecanese,Solo,10,166.86,1739.44,9.8
BKG-10070,Crete,Family,13,167.89,2232.31,5.6
BKG-10071,Cyclades,Solo,10,101.44,1060.59,7.5
BKG-10072,Cyclades,Business,8,227.76,1836.92,9.0
BKG-10073,Peloponnese,Couple,4,85.08,403.09,9.6
BKG-10074,Crete,Solo,4,181.83,780.76,8.0
BKG-10075,Crete,Solo,4,174.75,747.64,7.7
BKG-10076,Crete,Business,6,130.92,831.7,10.0
BKG-10077,Cyclades,Solo,7,176.66,1285.88,9.5
BKG-10078,Ionian Islands,Solo,6,137.3,869.08,9.5
BKG-10079,Cyclades,Business,1,122.98,162.42,7.9
BKG-10080,Peloponnese,Family,12,168.78,2080.15,9.8
BKG-10081,Crete,Business,8,109.74,937.6,6.2
BKG-10082,Ionian Islands,Family,13,141.03,1867.98,9.9
BKG-10083,Cyclades,Couple,10,126.23,1304.29,8.4
BKG-10084,Ionian Islands,Family,11,136.56,1548.07,8.7
BKG-10085,Ionian Islands,Family,13,167.31,2225.13,7.4
BKG-10086,Crete,Couple,7,126.23,931.05,6.3
BKG-10087,Crete,Family,6,142.31,917.05,8.6
BKG-10088,Peloponnese,Business,6,129.87,796.17,9.2
BKG-10089,Attica,Family,5,207.76,1059.3,9.3
BKG-10090,Cyclades,Couple,6,163.7,1036.07,9.2
BKG-10091,Crete,Business,12,158.8,1943.55,8.9
BKG-10092,Crete,Couple,9,177.34,1663.74,7.4
BKG-10093,Attica,Couple,10,126.23,1335.7,9.4
BKG-10094,Crete,Solo,9,184.37,1714.0,7.3
BKG-10095,Attica,Solo,10,163.85,1667.06,9.8
BKG-10096,Attica,Couple,8,87.56,771.57,8.4
BKG-10097,Attica,Couple,10,92.88,982.78,8.4
BKG-10098,Cyclades,Couple,9,127.11,1164.25,9.5
BKG-10099,Cyclades,Solo,13,97.16,1285.11,9.7
BKG-10100,Cyclades,Solo,10,140.47,1485.04,9.4
BKG-10101,Crete,Family,8,109.45,952.62,7.5
BKG-10102,Ionian Islands,Family,8,146.09,1168.38,9.4
BKG-10103,Attica,Couple,1,206.47,229.31,7.5
BKG-10104,Dodecanese,Business,10,148.02,1553.02,9.4
BKG-10105,Cyclades,Business,11,137.88,1566.31,6.8
BKG-10106,Attica,Solo,5,165.53,891.69,8.4
BKG-10107,Crete,Solo,4,122.14,537.32,7.5
BKG-10108,Cyclades,Solo,2,183.74,430.57,9.5
BKG-10109,Cyclades,Couple,8,169.81,1408.6,9.8
BKG-10110,Ionian Islands,Business,3,151.55,495.9,8.7
BKG-10111,Cyclades,Family,4,156.17,695.85,8.7
BKG-10112,Dodecanese,Couple,12,231.67,2834.08,9.3
BKG-10113,Peloponnese,Family,7,187.69,1376.88,9.8
BKG-10114,Crete,Family,10,237.98,2432.95,8.5
BKG-10115,Peloponnese,Couple,9,171.28,1581.79,7.9
BKG-10116,Peloponnese,Family,2,91.13,264.43,9.3
BKG-10117,Cyclades,Business,3,139.51,475.63,6.3
BKG-10118,Peloponnese,Family,4,81.99,370.86,9.6
BKG-10119,Attica,Business,10,171.13,1786.87,7.6
BKG-10120,Peloponnese,Business,1,179.82,203.4,8.2
BKG-10121,Peloponnese,Business,7,114.56,896.65,9.6
BKG-10122,Ionian Islands,Solo,2,123.77,293.96,8.0
BKG-10123,Cyclades,Family,5,155.95,804.39,9.3
BKG-10124,Cyclades,Couple,1,102.08,190.2,9.9
BKG-10125,Attica,Couple,3,99.07,337.95,8.6
BKG-10126,Peloponnese,Family,12,199.55,2449.46,8.9
BKG-10127,Peloponnese,Solo,2,154.59,373.53,8.4
BKG-10128,Cyclades,Solo,1,127.68,201.36,8.6
BKG-10129,Attica,Business,7,82.32,632.24,7.2
BKG-10130,Attica,Family,5,184.09,957.5,8.1
BKG-10131,Cyclades,Family,1,122.62,177.0,7.0
BKG-10132,Cyclades,Couple,6,224.43,1388.19,7.4
BKG-10133,Ionian Islands,Family,5,184.37,976.83,6.1
BKG-10134,Dodecanese,Solo,3,117.67,435.57,8.8
BKG-10135,Ionian Islands,Family,12,121.38,1521.68,10.0
BKG-10136,Attica,Couple,7,218.87,1586.22,8.0
BKG-10137,Crete,Business,11,146.63,1677.7,9.7
BKG-10138,Ionian Islands,Couple,10,129.47,1360.9,9.9
BKG-10139,Dodecanese,Couple,9,151.11,1388.43,7.1
BKG-10140,Dodecanese,Business,14,129.28,1860.75,7.3
BKG-10141,Ionian Islands,Couple,13,159.64,2176.57,9.7
BKG-10142,Attica,Couple,13,146.97,1984.87,8.4
BKG-10143,Ionian Islands,Family,9,185.02,1705.11,7.0
BKG-10144,Ionian Islands,Family,14,134.46,1920.38,7.7
BKG-10145,Cyclades,Business,9,114.61,1068.76,9.0
BKG-10146,Crete,Family,2,136.04,339.41,7.5
BKG-10147,Attica,Family,3,135.8,489.55,5.2
BKG-10148,Cyclades,Couple,7,146.9,1089.94,8.1
BKG-10149,Ionian Islands,Solo,5,175.38,930.04,8.2
BKG-10150,Dodecanese,Family,2,173.2,387.52,8.5
BKG-10151,Cyclades,Solo,3,197.99,650.56,10.0
BKG-10152,Cyclades,Family,10,117.54,1209.0,8.6
BKG-10153,Attica,Family,6,165.55,1004.58,8.8
BKG-10154,Dodecanese,Business,13,179.09,2410.91,9.8
BKG-10155,Cyclades,Business,7,123.03,891.09,8.5
BKG-10156,Crete,Business,9,141.69,1318.71,10.0
BKG-10157,Crete,Solo,1,80.0,143.13,7.0
BKG-10158,Cyclades,Couple,11,186.27,2127.66,7.4
BKG-10159,Crete,Family,7,141.38,1044.8,9.2
BKG-10160,Ionian Islands,Family,8,182.26,1484.21,10.0
BKG-10161,Crete,Family,12,158.24,1942.85,8.3
BKG-10162,Crete,Solo,14,142.59,2032.69,7.3
BKG-10163,Attica,Business,3,86.29,308.11,10.0
BKG-10164,Cyclades,Couple,4,93.4,448.24,7.5
BKG-10165,Peloponnese,Solo,10,46.27,461.95,8.9
BKG-10166,Ionian Islands,Business,6,127.5,806.77,10.0
BKG-10167,Cyclades,Solo,10,241.13,2451.62,8.0
BKG-10168,Cyclades,Couple,7,98.48,714.22,7.8
BKG-10169,Attica,Business,13,44.74,643.33,7.8
BKG-10170,Crete,Solo,14,188.51,2660.84,9.6
BKG-10171,Cyclades,Couple,4,244.55,1002.2,9.8
BKG-10172,Attica,Family,8,161.92,1362.38,8.5
BKG-10173,Cyclades,Couple,5,161.55,887.76,10.0
BKG-10174,Crete,Family,1,137.6,186.08,8.5
BKG-10175,Cyclades,Solo,4,78.23,338.57,10.0
BKG-10176,Crete,Business,3,91.97,311.8,8.0
BKG-10177,Ionian Islands,Business,9,137.33,1306.13,10.0
BKG-10178,Dodecanese,Solo,8,129.66,1089.61,10.0
BKG-10179,Cyclades,Business,1,145.39,193.37,8.3
BKG-10180,Ionian Islands,Business,11,183.17,2071.13,10.0
BKG-10181,Cyclades,Family,6,126.73,809.63,10.0
BKG-10182,Dodecanese,Solo,9,183.99,1736.82,10.0
BKG-10183,Peloponnese,Couple,7,126.99,923.95,5.5
BKG-10184,Ionian Islands,Family,4,191.53,798.84,9.4
BKG-10185,Crete,Solo,13,153.45,2017.18,9.2
BKG-10186,Peloponnese,Family,1,132.57,171.77,9.1
BKG-10187,Attica,Couple,12,152.77,1861.4,8.8
BKG-10188,Attica,Couple,2,138.26,330.88,8.8
BKG-10189,Cyclades,Solo,12,154.53,1904.78,10.0
BKG-10190,Cyclades,Couple,5,180.32,930.02,9.1
BKG-10191,Peloponnese,Family,12,146.51,1819.9,8.8
BKG-10192,Dodecanese,Couple,11,135.22,1567.76,9.9
BKG-10193,Crete,Family,5,105.06,582.46,
BKG-10194,Ionian Islands,Family,8,173.17,1384.49,9.1
BKG-10195,Ionian Islands,Couple,6,163.93,1073.32,10.0
BKG-10196,Crete,Solo,8,102.72,886.7,8.0
BKG-10197,Peloponnese,Business,2,183.42,455.97,6.7
BKG-10198,Peloponnese,Couple,3,102.07,378.02,8.6
BKG-10199,Crete,Family,6,191.17,1222.83,8.8
BKG-10200,Crete,Family,12,177.51,2184.23,9.4
BKG-10201,Cyclades,Couple,13,166.79,2213.02,8.6
BKG-10202,Cyclades,Solo,10,134.92,1406.67,9.4
BKG-10203,Peloponnese,Solo,3,173.03,554.91,10.0
BKG-10204,Crete,Family,6,193.05,1216.98,9.5
BKG-10205,Cyclades,Family,6,173.69,1039.6,9.7
BKG-10206,Cyclades,Solo,2,123.19,297.24,8.3
BKG-10207,Crete,Business,7,160.7,1201.79,6.8
BKG-10208,Cyclades,Couple,12,195.28,2395.25,5.7
BKG-10209,Cyclades,Family,2,237.96,560.47,7.9
BKG-10210,Attica,Family,6,141.79,895.47,5.4
BKG-10211,Crete,Solo,1,184.32,254.37,9.1
BKG-10212,Crete,Couple,3,195.38,618.57,8.0
BKG-10213,Cyclades,Solo,2,117.5,304.24,6.9
BKG-10214,Crete,Couple,7,221.28,1603.61,8.7
BKG-10215,Cyclades,Couple,14,107.39,1549.06,7.6
BKG-10216,Ionian Islands,Couple,4,182.36,727.96,9.0
BKG-10217,Crete,Family,8,162.21,1342.59,9.3
BKG-10218,Crete,Business,6,152.22,967.59,7.7
BKG-10219,Peloponnese,Solo,12,251.87,3089.01,8.2
BKG-10220,Crete,Business,10,137.95,1460.72,8.8
BKG-10221,Attica,Solo,4,137.31,639.94,6.8
BKG-10222,Cyclades,Couple,5,203.26,1091.23,8.8
BKG-10223,Ionian Islands,Family,13,180.47,2384.87,6.8
BKG-10224,Ionian Islands,Business,13,201.28,2660.54,9.2
BKG-10225,Cyclades,Family,9,154.67,1456.81,8.0
BKG-10226,Dodecanese,Solo,7,162.68,1199.15,6.8
BKG-10227,Ionian Islands,Family,10,226.04,2342.97,7.8
BKG-10228,Peloponnese,Family,14,116.56,1731.43,7.9
BKG-10229,Crete,Business,14,145.88,2137.66,9.8
BKG-10230,Crete,Couple,9,181.93,1717.25,8.7
BKG-10231,Attica,Family,7,142.17,1055.75,7.4
BKG-10232,Attica,Couple,12,127.19,1603.27,10.0
BKG-10233,Attica,Solo,1,174.74,257.97,9.3
BKG-10234,Cyclades,Family,12,203.43,2488.21,8.1
BKG-10235,Crete,Business,8,144.37,1194.31,6.6
BKG-10236,Ionian Islands,Solo,4,143.26,607.69,8.0
BKG-10237,Cyclades,Solo,3,124.09,404.74,8.2
BKG-10238,Crete,Business,14,138.16,1956.6,8.9
BKG-10239,Cyclades,Family,13,193.34,2568.42,9.2
BKG-10240,Dodecanese,Family,7,153.24,1102.68,9.5
BKG-10241,Dodecanese,Solo,12,117.8,1447.93,6.6
BKG-10242,Dodecanese,Family,3,160.49,545.5,8.8
BKG-10243,Ionian Islands,Couple,8,192.05,1590.03,8.3
BKG-10244,Cyclades,Business,6,127.52,823.71,
BKG-10245,Dodecanese,Couple,5,96.86,561.6,8.6
BKG-10246,Attica,Family,4,237.63,1017.81,7.8
BKG-10247,Dodecanese,Solo,8,94.86,839.26,8.6
BKG-10248,Dodecanese,Business,8,135.64,1136.72,8.5
BKG-10249,Peloponnese,Family,12,159.29,1993.72,6.1
BKG-10250,Ionian Islands,Family,1,139.1,196.29,9.0
BKG-10251,Ionian Islands,Solo,9,147.0,1376.37,8.1
BKG-10252,Peloponnese,Solo,14,173.07,2502.21,8.5
BKG-10253,Ionian Islands,Couple,5,54.33,304.21,7.5
BKG-10254,Cyclades,Business,4,99.32,487.75,7.2
BKG-10255,Attica,Business,6,151.77,954.98,9.6
BKG-10256,Dodecanese,Solo,6,133.83,828.62,9.8
BKG-10257,Crete,Couple,2,155.18,373.43,9.0
BKG-10258,Attica,Business,8,159.11,1315.33,6.3
BKG-10259,Cyclades,Solo,7,65.36,548.04,9.1
BKG-10260,Crete,Family,1,200.95,242.29,6.3
BKG-10261,Dodecanese,Business,5,130.07,706.64,7.7
BKG-10262,Cyclades,Couple,12,115.38,1406.05,9.5
BKG-10263,Attica,Couple,6,158.33,1016.24,9.3
BKG-10264,Peloponnese,Couple,4,154.29,651.61,9.0
BKG-10265,Crete,Family,2,197.87,459.61,10.0
BKG-10266,Crete,Business,13,160.87,2132.74,9.2
BKG-10267,Crete,Business,14,196.32,2757.54,6.1
BKG-10268,Ionian Islands,Family,4,112.47,502.5,8.1
BKG-10269,Ionian Islands,Business,1,155.67,207.4,8.5
BKG-10270,Peloponnese,Family,7,105.41,805.49,8.3
BKG-10271,Peloponnese,Family,2,153.91,388.94,7.8
BKG-10272,Peloponnese,Family,13,145.43,1978.84,7.3
BKG-10273,Dodecanese,Couple,2,143.71,354.7,10.0
BKG-10274,Attica,Business,9,144.06,1352.11,8.0
BKG-10275,Attica,Family,5,179.46,918.75,10.0
BKG-10276,Crete,Business,2,85.71,225.46,7.1
BKG-10277,Crete,Couple,11,114.01,1308.41,9.3
BKG-10278,Crete,Family,9,148.38,1381.45,8.8
BKG-10279,Crete,Solo,9,102.85,988.31,7.4
BKG-10280,Peloponnese,Couple,1,151.84,224.28,7.9
BKG-10281,Ionian Islands,Solo,11,147.97,1661.3,8.5
BKG-10282,Ionian Islands,Business,3,93.85,314.87,7.5
BKG-10283,Cyclades,Business,4,91.87,414.69,8.2
BKG-10284,Attica,Couple,14,45.05,668.4,5.7
BKG-10285,Cyclades,Business,7,101.17,725.36,9.4
BKG-10286,Attica,Solo,10,150.57,1535.77,10.0
BKG-10287,Attica,Family,4,156.25,650.35,9.0
BKG-10288,Ionian Islands,Family,2,158.08,390.33,10.0
BKG-10289,Attica,Family,7,118.88,916.22,9.3
BKG-10290,Cyclades,Couple,6,149.27,923.71,9.9
BKG-10291,Cyclades,Business,3,165.89,558.59,10.0
BKG-10292,Peloponnese,Solo,6,99.28,663.15,5.2
BKG-10293,Ionian Islands,Business,11,154.93,1724.38,9.0
BKG-10294,Cyclades,Business,6,176.26,1110.78,6.8
BKG-10295,Attica,Business,12,130.37,1665.11,7.1
BKG-10296,Crete,Family,5,192.49,1025.99,7.3
BKG-10297,Cyclades,Solo,4,131.3,570.29,8.1
BKG-10298,Crete,Solo,10,115.6,1194.8,9.3
BKG-10299,Cyclades,Business,12,172.27,2076.79,9.0
BKG-10300,Cyclades,Family,1,231.33,290.74,8.5
BKG-10301,Attica,Family,10,153.41,1623.06,9.4
BKG-10302,Attica,Solo,6,175.4,1086.13,
BKG-10303,Crete,Family,2,129.65,270.59,9.0
BKG-10304,Crete,Family,13,100.34,1341.14,6.4
BKG-10305,Dodecanese,Family,3,156.65,537.58,7.6
BKG-10306,Attica,Couple,14,162.98,2323.15,8.5
BKG-10307,Ionian Islands,Business,8,135.68,1119.03,9.4
BKG-10308,Crete,Solo,10,175.24,1802.78,6.9
BKG-10309,Ionian Islands,Solo,14,123.84,1788.35,8.5
BKG-10310,Attica,Couple,14,113.92,1617.11,6.6
BKG-10311,Cyclades,Business,6,192.43,1200.23,9.7
BKG-10312,Cyclades,Solo,3,192.61,617.88,8.8
BKG-10313,Dodecanese,Family,7,124.63,909.59,6.9
BKG-10314,Peloponnese,Solo,4,218.75,904.66,6.9
BKG-10315,Crete,Family,14,138.52,2008.11,9.0
BKG-10316,Attica,Couple,9,153.39,1417.62,10.0
BKG-10317,Cyclades,Family,5,146.61,743.15,7.2
BKG-10318,Cyclades,Solo,3,170.95,568.14,9.4
BKG-10319,Ionian Islands,Solo,2,160.86,386.22,7.8
BKG-10320,Attica,Solo,11,160.32,1797.6,9.5
BKG-10321,Crete,Couple,2,109.22,257.25,9.3
BKG-10322,Crete,Couple,3,82.46,284.4,8.7
BKG-10323,Ionian Islands,Business,2,195.69,434.45,6.3
BKG-10324,Dodecanese,Solo,14,128.18,1866.66,9.3
BKG-10325,Crete,Family,4,148.04,639.88,9.1
BKG-10326,Attica,Couple,2,163.07,392.93,9.0
BKG-10327,Crete,Solo,10,215.16,2182.22,8.7
BKG-10328,Attica,Solo,9,156.45,1450.38,7.4
BKG-10329,Cyclades,Couple,2,134.21,337.5,9.8
BKG-10330,Ionian Islands,Business,9,129.06,1195.43,9.6
BKG-10331,Crete,Couple,13,148.51,2000.87,7.2
BKG-10332,Cyclades,Couple,6,113.63,719.21,10.0
BKG-10333,Cyclades,Family,1,151.16,194.73,8.7
BKG-10334,Cyclades,Family,4,147.92,675.08,8.7
BKG-10335,Cyclades,Business,14,215.66,3060.52,8.3
BKG-10336,Peloponnese,Solo,1,146.66,199.57,8.4
BKG-10337,Crete,Couple,14,73.02,1084.61,10.0
BKG-10338,Attica,Business,6,256.94,1596.17,9.7
BKG-10339,Cyclades,Family,14,188.27,2690.88,9.7
BKG-10340,Attica,Couple,13,233.29,3081.64,8.7
BKG-10341,Attica,Solo,4,103.71,438.8,9.6
BKG-10342,Cyclades,Family,3,141.13,480.36,7.5
BKG-10343,Attica,Family,3,176.98,566.29,9.2
BKG-10344,Ionian Islands,Family,9,171.46,1608.66,8.3
BKG-10345,Crete,Business,6,162.28,1051.12,6.0
BKG-10346,Crete,Solo,9,62.02,572.07,6.6
BKG-10347,Cyclades,Couple,13,81.5,1136.98,7.7
BKG-10348,Ionian Islands,Business,5,210.7,1095.28,9.0
BKG-10349,Crete,Business,2,217.81,483.0,7.7
BKG-10350,Attica,Business,8,145.73,1197.59,7.8
BKG-10351,Peloponnese,Family,5,205.62,1081.87,9.4
BKG-10352,Crete,Solo,2,109.07,269.48,7.8
BKG-10353,Cyclades,Business,4,118.22,544.42,10.0
BKG-10354,Cyclades,Couple,9,105.91,988.36,9.9
BKG-10355,Crete,Solo,4,116.0,547.22,8.5
BKG-10356,Cyclades,Couple,13,178.91,2389.12,9.4
BKG-10357,Attica,Solo,12,115.51,1437.94,9.2
BKG-10358,Dodecanese,Couple,12,239.59,2921.46,8.2
BKG-10359,Attica,Family,12,168.4,2064.67,9.5
BKG-10360,Ionian Islands,Business,13,193.38,2559.11,9.7
BKG-10361,Crete,Couple,14,169.6,2427.77,7.4
BKG-10362,Attica,Solo,4,198.57,840.1,8.7
BKG-10363,Attica,Business,2,115.28,267.75,8.7
BKG-10364,Dodecanese,Business,13,207.88,2755.93,9.5
BKG-10365,Ionian Islands,Solo,12,155.64,1900.95,8.0
BKG-10366,Dodecanese,Couple,6,198.37,1246.67,7.8
BKG-10367,Dodecanese,Family,13,92.42,1247.0,8.7
BKG-10368,Cyclades,Family,11,157.22,1793.35,9.9
BKG-10369,Cyclades,Couple,14,155.81,2251.12,7.1
BKG-10370,Cyclades,Business,2,125.23,320.23,7.3
BKG-10371,Cyclades,Business,12,162.52,2006.6,7.9
BKG-10372,Cyclades,Business,7,211.58,1539.76,8.1
BKG-10373,Crete,Business,3,122.15,409.99,6.4
BKG-10374,Cyclades,Couple,3,188.47,628.96,10.0
BKG-10375,Ionian Islands,Business,5,104.9,590.31,8.3
BKG-10376,Peloponnese,Solo,3,234.38,721.79,8.2
BKG-10377,Cyclades,Business,2,181.38,420.33,10.0
BKG-10378,Peloponnese,Family,10,219.0,2267.36,9.4
BKG-10379,Ionian Islands,Business,9,176.88,1634.79,7.9
BKG-10380,Cyclades,Couple,2,165.62,369.75,8.7
BKG-10381,Crete,Family,14,181.72,2585.68,8.4
BKG-10382,Crete,Couple,11,144.54,1609.84,10.0
BKG-10383,Peloponnese,Couple,2,85.29,223.1,8.3
BKG-10384,Crete,Family,13,167.9,2233.3,6.8
BKG-10385,Peloponnese,Couple,8,119.78,1012.18,6.2
BKG-10386,Ionian Islands,Couple,9,105.93,1011.69,10.0
BKG-10387,Cyclades,Business,7,175.45,1262.19,7.6
BKG-10388,Crete,Solo,3,138.84,471.98,9.3
BKG-10389,Peloponnese,Couple,9,191.11,1778.85,8.6
BKG-10390,Dodecanese,Couple,3,118.44,395.55,8.0
BKG-10391,Attica,Couple,5,131.17,714.25,8.2
BKG-10392,Ionian Islands,Business,9,196.01,1815.7,10.0
BKG-10393,Crete,Solo,12,161.19,1971.66,6.8
BKG-10394,Ionian Islands,Family,14,90.91,1328.4,8.0
BKG-10395,Dodecanese,Business,14,160.31,2288.53,9.6
BKG-10396,Peloponnese,Business,3,209.25,691.69,7.0
BKG-10397,Attica,Solo,7,130.86,961.24,10.0
BKG-10398,Crete,Solo,12,173.92,2111.24,9.6
BKG-10399,Crete,Business,1,116.02,171.36,8.8
BKG-10400,Cyclades,Family,4,144.53,632.71,7.9
BKG-10401,Dodecanese,Business,4,193.59,802.74,6.8
BKG-10402,Attica,Solo,7,158.77,1176.4,9.3
BKG-10403,Peloponnese,Family,8,201.57,1676.52,10.0
BKG-10404,Ionian Islands,Solo,1,167.01,199.61,8.7
BKG-10405,Peloponnese,Family,5,238.75,1230.56,6.3
BKG-10406,Ionian Islands,Couple,7,87.4,658.96,9.0
BKG-10407,Cyclades,Solo,12,141.31,1730.54,9.5
BKG-10408,Dodecanese,Solo,4,106.62,489.29,7.4
BKG-10409,Cyclades,Business,13,109.35,1474.53,7.7
BKG-10410,Ionian Islands,Solo,4,109.71,466.97,7.6
BKG-10411,Dodecanese,Solo,4,156.71,660.39,7.9
BKG-10412,Dodecanese,Couple,12,159.05,1982.35,8.3
BKG-10413,Attica,Solo,6,167.1,1083.31,7.5
BKG-10414,Crete,Couple,7,105.08,796.33,7.0
BKG-10415,Attica,Couple,2,137.03,319.83,8.7
BKG-10416,Ionian Islands,Couple,5,111.43,598.35,8.3
BKG-10417,Ionian Islands,Couple,4,187.44,810.75,8.0
BKG-10418,Crete,Family,14,115.19,1664.18,8.6
BKG-10419,Crete,Business,13,141.45,1856.65,6.7
BKG-10420,Crete,Family,3,172.41,587.87,8.8
BKG-10421,Crete,Solo,7,125.37,954.51,8.0
BKG-10422,Cyclades,Family,11,177.76,2020.11,8.8
BKG-10423,Attica,Family,12,213.84,2594.25,9.0
BKG-10424,Cyclades,Solo,6,157.59,982.8,9.9
BKG-10425,Attica,Solo,14,186.06,2617.69,8.6
BKG-10426,Attica,Solo,7,67.06,551.34,
BKG-10427,Peloponnese,Family,5,132.84,707.07,8.1
BKG-10428,Ionian Islands,Family,13,157.4,2142.87,8.2
BKG-10429,Cyclades,Solo,6,107.88,736.38,8.4
BKG-10430,Cyclades,Business,5,158.31,823.48,9.4
BKG-10431,Crete,Business,14,192.4,2729.43,9.3
BKG-10432,Crete,Couple,7,74.82,583.06,8.7
BKG-10433,Cyclades,Solo,2,102.44,219.79,7.0
BKG-10434,Cyclades,Couple,14,157.39,2244.69,9.2
BKG-10435,Crete,Business,11,168.42,1891.86,7.5
BKG-10436,Cyclades,Couple,5,179.52,984.62,7.4
BKG-10437,Peloponnese,Solo,6,154.44,979.86,7.1
BKG-10438,Crete,Solo,6,168.46,1055.06,8.4
BKG-10439,Cyclades,Solo,5,186.14,968.07,10.0
BKG-10440,Cyclades,Family,10,133.42,1402.08,7.3
BKG-10441,Dodecanese,Couple,7,125.66,919.69,10.0
BKG-10442,Ionian Islands,Business,10,143.26,1481.59,9.6
BKG-10443,Ionian Islands,Business,8,157.98,1301.06,6.7
BKG-10444,Peloponnese,Business,7,123.67,885.34,8.0
BKG-10445,Dodecanese,Family,5,134.25,701.33,7.3
BKG-10446,Dodecanese,Family,1,165.91,205.87,9.3
BKG-10447,Crete,Solo,13,156.31,2076.76,7.3
BKG-10448,Ionian Islands,Business,5,142.59,758.56,6.6
BKG-10449,Cyclades,Family,10,80.36,851.82,8.1
BKG-10450,Crete,Solo,2,149.86,339.95,9.9
BKG-10451,Attica,Business,13,111.2,1522.58,8.3
BKG-10452,Attica,Couple,5,189.32,1015.56,9.0
BKG-10453,Dodecanese,Solo,5,137.65,735.55,9.0
BKG-10454,Cyclades,Family,2,110.15,275.39,6.7
BKG-10455,Attica,Family,5,147.54,780.26,7.4
BKG-10456,Cyclades,Solo,13,200.83,2603.92,8.5
BKG-10457,Attica,Solo,4,175.23,751.33,7.8
BKG-10458,Cyclades,Family,1,158.8,214.91,10.0
BKG-10459,Cyclades,Couple,3,96.96,308.63,7.0
BKG-10460,Cyclades,Business,1,214.86,274.85,7.4
BKG-10461,Crete,Couple,12,125.13,1545.95,8.8
BKG-10462,Crete,Solo,11,187.35,2117.61,7.7
BKG-10463,Attica,Couple,5,136.99,729.94,5.0
BKG-10464,Dodecanese,Family,4,183.5,809.02,10.0
BKG-10465,Ionian Islands,Solo,7,202.27,1470.41,7.2
BKG-10466,Ionian Islands,Business,5,175.93,949.7,9.2
BKG-10467,Peloponnese,Family,10,180.23,1873.99,7.0
BKG-10468,Cyclades,Family,14,146.06,2072.45,
BKG-10469,Dodecanese,Business,4,132.64,565.78,6.6
BKG-10470,Cyclades,Business,2,155.53,370.09,7.6
BKG-10471,Dodecanese,Couple,4,136.4,588.29,7.7
BKG-10472,Cyclades,Solo,12,248.69,3029.51,8.3
BKG-10473,Peloponnese,Business,2,110.31,296.35,8.1
BKG-10474,Attica,Business,8,190.08,1564.43,6.8
BKG-10475,Dodecanese,Solo,3,170.69,542.69,7.9
BKG-10476,Cyclades,Business,9,159.19,1466.03,10.0
BKG-10477,Attica,Business,13,209.2,2813.25,10.0
BKG-10478,Dodecanese,Couple,4,161.94,694.2,9.0
BKG-10479,Attica,Family,13,124.6,1642.52,9.3
BKG-10480,Crete,Family,6,161.67,984.63,10.0
BKG-10481,Crete,Family,10,142.67,1464.21,9.2
BKG-10482,Attica,Family,5,170.13,896.72,9.3
BKG-10483,Crete,Business,10,182.52,1894.18,6.6
BKG-10484,Attica,Solo,13,115.64,1570.37,7.2
BKG-10485,Dodecanese,Solo,1,197.81,247.68,8.5
BKG-10486,Cyclades,Couple,9,139.8,1299.12,7.5
BKG-10487,Ionian Islands,Couple,1,167.74,224.53,7.3
BKG-10488,Dodecanese,Business,8,174.68,1412.47,7.4
BKG-10489,Peloponnese,Solo,9,164.7,1571.92,6.8
BKG-10490,Attica,Solo,9,145.64,1373.84,7.6
BKG-10491,Crete,Family,1,130.46,197.8,8.9
BKG-10492,Ionian Islands,Business,2,139.24,307.0,10.0
BKG-10493,Cyclades,Business,12,212.61,2626.97,
BKG-10494,Attica,Family,13,115.37,1540.61,9.3
BKG-10495,Ionian Islands,Business,1,121.23,152.18,6.6
BKG-10496,Attica,Business,10,119.47,1243.92,8.6
BKG-10497,Cyclades,Couple,2,155.43,359.61,8.4
BKG-10498,Dodecanese,Solo,10,89.01,918.53,8.8
BKG-10499,Dodecanese,Business,12,95.86,1182.42,8.1
BKG-10500,Crete,Couple,8,139.56,1147.02,10.0
BKG-10501,Attica,Solo,5,98.49,523.18,8.6
BKG-10502,Ionian Islands,Family,12,101.75,1263.24,8.7
BKG-10503,Peloponnese,Couple,11,98.79,1108.91,6.1
BKG-10504,Crete,Couple,7,116.14,849.15,8.4
BKG-10505,Cyclades,Solo,2,179.25,429.4,9.9
BKG-10506,Dodecanese,Family,8,188.23,1572.31,9.2
BKG-10507,Peloponnese,Couple,11,226.76,2523.36,5.9
BKG-10508,Dodecanese,Business,6,225.29,1420.9,8.0
BKG-10509,Crete,Business,8,181.45,1462.27,10.0
BKG-10510,Crete,Business,1,191.11,289.69,8.3
BKG-10511,Attica,Family,1,155.24,231.25,8.9
BKG-10512,Dodecanese,Couple,12,170.79,2088.29,10.0
BKG-10513,Peloponnese,Business,7,227.74,1651.83,8.3
BKG-10514,Cyclades,Family,8,164.85,1340.78,9.4
BKG-10515,Cyclades,Business,13,196.13,2600.9,9.0
BKG-10516,Ionian Islands,Solo,3,112.63,384.22,9.3
BKG-10517,Peloponnese,Couple,5,123.35,650.05,9.0
BKG-10518,Dodecanese,Couple,12,162.48,1990.39,7.8
BKG-10519,Cyclades,Family,1,156.0,194.66,8.0
BKG-10520,Attica,Family,7,125.2,903.77,7.5
BKG-10521,Ionian Islands,Couple,5,246.3,1264.34,6.5
BKG-10522,Dodecanese,Business,8,156.9,1276.36,10.0
BKG-10523,Peloponnese,Business,13,132.29,1786.92,8.5
BKG-10524,Peloponnese,Solo,8,156.06,1279.84,9.9
BKG-10525,Attica,Business,9,151.02,1384.74,10.0
BKG-10526,Attica,Family,7,157.51,1169.4,8.6
BKG-10527,Ionian Islands,Family,11,86.25,1006.14,6.9
BKG-10528,Cyclades,Business,1,201.68,267.77,8.3
BKG-10529,Peloponnese,Family,13,203.95,2719.67,7.7
BKG-10530,Peloponnese,Couple,3,208.81,715.18,6.1
BKG-10531,Dodecanese,Couple,8,163.02,1351.04,7.9
BKG-10532,Dodecanese,Business,3,176.5,550.35,8.4
BKG-10533,Attica,Couple,8,115.35,978.22,7.7
BKG-10534,Crete,Couple,1,183.32,219.94,7.6
BKG-10535,Dodecanese,Solo,5,160.07,831.2,7.0
BKG-10536,Peloponnese,Solo,4,131.58,578.32,8.7
BKG-10537,Cyclades,Couple,5,184.59,990.27,10.0
BKG-10538,Attica,Business,8,186.14,1522.4,10.0
BKG-10539,Cyclades,Solo,10,152.42,1599.69,9.3
BKG-10540,Dodecanese,Family,14,167.54,2375.77,9.3
BKG-10541,Crete,Family,4,108.73,480.04,8.3
BKG-10542,Cyclades,Family,11,199.73,2254.76,6.3
BKG-10543,Crete,Business,4,114.05,498.44,8.1
BKG-10544,Crete,Couple,3,121.78,379.82,7.3
BKG-10545,Ionian Islands,Family,7,152.49,1135.98,8.7
BKG-10546,Cyclades,Business,3,194.58,621.27,10.0
BKG-10547,Crete,Solo,12,194.56,2399.62,10.0
BKG-10548,Attica,Couple,3,149.81,474.15,8.6
BKG-10549,Crete,Solo,11,180.92,2018.25,6.5
BKG-10550,Attica,Business,10,82.44,891.65,8.6
BKG-10551,Peloponnese,Family,5,121.23,662.96,8.6
BKG-10552,Attica,Family,5,122.04,651.43,9.3
BKG-10553,Attica,Business,14,200.09,2858.36,8.5
BKG-10554,Peloponnese,Family,6,176.19,1088.06,8.6
BKG-10555,Attica,Couple,8,157.39,1311.33,7.7
BKG-10556,Cyclades,Business,10,161.27,1665.27,8.1
BKG-10557,Cyclades,Solo,6,212.73,1318.9,9.1
BKG-10558,Crete,Business,12,143.19,1751.57,6.1
BKG-10559,Crete,Couple,1,97.44,148.84,8.1
BKG-10560,Crete,Couple,8,193.49,1596.82,9.3
BKG-10561,Cyclades,Business,8,157.27,1298.84,10.0
BKG-10562,Cyclades,Business,9,188.15,1722.67,8.0
BKG-10563,Cyclades,Family,9,148.21,1384.14,9.9
BKG-10564,Ionian Islands,Couple,2,116.45,273.63,10.0
BKG-10565,Attica,Business,2,166.11,361.53,8.0
BKG-10566,Ionian Islands,Business,3,150.41,502.1,7.8
BKG-10567,Attica,Couple,1,157.4,239.57,8.3
BKG-10568,Dodecanese,Business,4,214.66,901.3,8.4
BKG-10569,Ionian Islands,Family,14,106.05,1564.66,9.8
BKG-10570,Attica,Couple,4,161.44,738.05,7.6
BKG-10571,Crete,Family,14,117.24,1672.29,10.0
BKG-10572,Ionian Islands,Family,9,46.38,467.6,7.5
BKG-10573,Crete,Family,9,148.04,1424.43,7.0
BKG-10574,Peloponnese,Family,9,151.24,1408.74,9.1
BKG-10575,Dodecanese,Couple,10,174.94,1800.14,10.0
BKG-10576,Cyclades,Family,7,141.3,1005.7,8.7
BKG-10577,Dodecanese,Family,14,90.44,1305.53,9.0
BKG-10578,Attica,Business,2,117.1,295.31,10.0
BKG-10579,Ionian Islands,Couple,10,202.68,2125.39,10.0
BKG-10580,Attica,Couple,5,116.53,628.73,8.5
BKG-10581,Dodecanese,Solo,4,213.33,870.07,8.0
BKG-10582,Attica,Couple,12,192.0,2325.9,9.8
BKG-10583,Ionian Islands,Couple,11,137.29,1559.47,9.5
BKG-10584,Crete,Solo,8,120.84,1040.26,9.0
BKG-10585,Cyclades,Couple,2,191.92,446.59,8.1
BKG-10586,Cyclades,Couple,6,140.36,901.37,8.4
BKG-10587,Cyclades,Couple,13,88.17,1222.39,8.3
BKG-10588,Cyclades,Couple,5,172.49,898.05,8.1
BKG-10589,Cyclades,Solo,12,166.69,2050.66,7.8
BKG-10590,Cyclades,Couple,2,195.51,430.61,8.8
BKG-10591,Crete,Couple,11,163.98,1848.35,7.7
BKG-10592,Cyclades,Solo,10,128.03,1310.17,8.7
BKG-10593,Ionian Islands,Business,1,200.79,243.91,6.0
BKG-10594,Peloponnese,Family,8,204.68,1686.89,7.8
BKG-10595,Attica,Business,2,159.33,361.23,9.8
BKG-10596,Crete,Solo,7,152.41,1113.65,7.4
BKG-10597,Cyclades,Family,9,97.07,931.73,9.2
BKG-10598,Cyclades,Solo,9,125.7,1206.07,7.5
BKG-10599,Cyclades,Solo,8,180.43,1519.66,9.4
BKG-10600,Cyclades,Couple,11,127.71,1470.04,8.1
BKG-10601,Ionian Islands,Family,14,91.73,1309.02,8.1
BKG-10602,Cyclades,Couple,12,289.84,3520.87,8.6
BKG-10603,Cyclades,Family,10,91.46,959.11,6.9
BKG-10604,Cyclades,Solo,9,240.27,2199.29,9.7
BKG-10605,Attica,Solo,2,137.7,332.25,10.0
BKG-10606,Cyclades,Business,6,146.62,897.83,8.1
BKG-10607,Ionian Islands,Family,4,123.11,576.31,9.1
BKG-10608,Attica,Couple,14,181.31,2612.24,9.4
BKG-10609,Crete,Business,4,92.41,429.2,
BKG-10610,Cyclades,Business,5,76.39,430.71,7.2
BKG-10611,Crete,Business,12,214.41,2647.5,10.0
BKG-10612,Crete,Couple,3,117.84,417.31,8.0
BKG-10613,Cyclades,Business,14,179.84,2589.89,7.8
BKG-10614,Peloponnese,Couple,1,106.58,155.4,10.0
BKG-10615,Dodecanese,Business,8,178.34,1512.51,9.2
BKG-10616,Cyclades,Couple,5,217.34,1160.04,8.8
BKG-10617,Ionian Islands,Solo,3,128.92,446.95,7.3
BKG-10618,Peloponnese,Solo,10,72.66,801.72,9.5
BKG-10619,Crete,Solo,14,217.55,3087.32,10.0
BKG-10620,Cyclades,Solo,7,187.05,1336.0,9.6
BKG-10621,Cyclades,Solo,7,131.06,973.85,9.1
BKG-10622,Ionian Islands,Business,1,141.28,190.14,9.4
BKG-10623,Attica,Business,12,105.57,1312.89,8.1
BKG-10624,Crete,Business,9,206.81,1935.62,8.1
BKG-10625,Ionian Islands,Couple,2,128.61,310.56,8.1
BKG-10626,Attica,Couple,5,93.25,521.52,7.8
BKG-10627,Crete,Couple,13,158.55,2104.61,8.1
BKG-10628,Cyclades,Couple,14,115.6,1686.02,8.1
BKG-10629,Ionian Islands,Solo,5,108.8,608.04,
BKG-10630,Crete,Solo,14,132.8,1926.67,8.2
BKG-10631,Peloponnese,Solo,8,153.45,1267.65,8.8
BKG-10632,Attica,Family,14,94.76,1402.72,8.6
BKG-10633,Attica,Business,8,205.41,1730.06,8.7
BKG-10634,Cyclades,Couple,14,177.09,2546.1,
BKG-10635,Attica,Couple,7,135.39,981.54,8.6
BKG-10636,Attica,Solo,7,113.87,831.05,10.0
BKG-10637,Cyclades,Couple,12,146.43,1799.65,8.9
BKG-10638,Ionian Islands,Couple,11,185.98,2084.49,8.0
BKG-10639,Ionian Islands,Business,6,179.78,1127.26,10.0
BKG-10640,Cyclades,Solo,6,192.34,1216.69,8.4
BKG-10641,Ionian Islands,Business,11,130.78,1494.38,5.6
BKG-10642,Cyclades,Family,9,33.0,351.05,8.5
BKG-10643,Ionian Islands,Family,6,199.91,1244.64,8.2
BKG-10644,Cyclades,Family,12,143.31,1768.24,10.0
BKG-10645,Peloponnese,Solo,13,176.65,2362.38,
BKG-10646,Attica,Couple,13,216.77,2827.77,8.1
BKG-10647,Crete,Solo,2,247.38,544.53,10.0
BKG-10648,Crete,Solo,2,124.01,303.78,9.0
BKG-10649,Attica,Couple,13,155.36,2085.35,8.3
BKG-10650,Cyclades,Business,5,204.67,1053.15,7.6
BKG-10651,Attica,Family,4,116.23,493.66,8.9
BKG-10652,Attica,Business,11,126.72,1455.6,8.5
BKG-10653,Crete,Family,2,126.48,264.87,7.6
BKG-10654,Attica,Solo,3,148.88,523.28,7.6
BKG-10655,Cyclades,Family,7,141.2,1042.93,7.5
BKG-10656,Ionian Islands,Solo,8,126.25,1091.17,7.3
BKG-10657,Ionian Islands,Business,12,111.37,1364.7,9.6
BKG-10658,Crete,Solo,13,182.48,2413.51,9.5
BKG-10659,Attica,Business,6,203.51,1222.9,9.6
BKG-10660,Ionian Islands,Couple,11,209.31,2336.5,8.5
BKG-10661,Dodecanese,Couple,5,130.76,700.12,8.2
BKG-10662,Crete,Couple,13,184.15,2404.7,8.2
BKG-10663,Cyclades,Solo,1,159.45,201.56,9.7
BKG-10664,Cyclades,Couple,8,127.17,1027.61,6.3
BKG-10665,Cyclades,Family,3,179.37,582.96,7.9
BKG-10666,Cyclades,Business,6,125.34,824.98,7.4
BKG-10667,Cyclades,Business,3,134.95,454.15,10.0
BKG-10668,Cyclades,Family,7,94.93,747.67,7.9
BKG-10669,Ionian Islands,Solo,13,131.43,1774.32,6.5
BKG-10670,Cyclades,Solo,14,160.15,2319.06,8.8
BKG-10671,Peloponnese,Business,7,212.76,1524.02,8.1
BKG-10672,Cyclades,Couple,12,135.86,1664.54,7.8
BKG-10673,Attica,Solo,9,108.47,1033.14,7.7
BKG-10674,Attica,Solo,5,209.89,1067.9,7.7
BKG-10675,Dodecanese,Family,8,129.82,1097.98,9.4
BKG-10676,Cyclades,Family,10,80.06,844.12,8.8
BKG-10677,Ionian Islands,Couple,10,155.32,1629.8,8.3
BKG-10678,Dodecanese,Solo,8,137.01,1159.67,7.2
BKG-10679,Peloponnese,Solo,1,242.02,313.95,8.3
BKG-10680,Peloponnese,Family,12,169.01,2063.04,8.8
BKG-10681,Ionian Islands,Solo,5,144.15,791.71,8.9
BKG-10682,Cyclades,Business,3,113.02,417.95,8.7
BKG-10683,Crete,Family,1,163.21,212.44,7.4
BKG-10684,Dodecanese,Couple,4,208.27,868.29,5.6
BKG-10685,Attica,Family,8,162.47,1335.32,10.0
BKG-10686,Attica,Solo,3,116.1,423.08,6.9
BKG-10687,Ionian Islands,Couple,10,171.55,1819.19,6.1
BKG-10688,Crete,Family,2,148.06,326.49,8.7
BKG-10689,Cyclades,Business,11,167.94,1876.17,6.4
BKG-10690,Ionian Islands,Business,9,135.81,1290.72,7.5
BKG-10691,Attica,Family,10,134.87,1383.62,9.2
BKG-10692,Attica,Business,5,133.29,736.82,10.0
BKG-10693,Cyclades,Business,14,187.69,2686.97,9.0
BKG-10694,Cyclades,Business,7,135.27,996.41,8.0
BKG-10695,Crete,Couple,11,131.61,1506.54,8.4
BKG-10696,Ionian Islands,Business,11,112.32,1293.12,6.3
BKG-10697,Attica,Business,2,168.16,382.73,8.0
BKG-10698,Cyclades,Business,9,162.47,1477.1,
BKG-10699,Attica,Couple,13,132.05,1770.22,8.7
BKG-10700,Attica,Family,9,121.62,1176.04,10.0
BKG-10701,Cyclades,Solo,4,225.05,918.02,6.2
BKG-10702,Ionian Islands,Business,4,74.78,329.8,8.0
BKG-10703,Cyclades,Family,6,169.73,1076.92,6.3
BKG-10704,Cyclades,Business,10,201.66,2067.37,7.9
BKG-10705,Dodecanese,Couple,10,14.53,203.52,7.5
BKG-10706,Ionian Islands,Family,10,181.77,1853.71,6.7
BKG-10707,Peloponnese,Couple,6,141.19,920.39,9.6
BKG-10708,Ionian Islands,Business,12,160.24,1973.82,8.8
BKG-10709,Crete,Business,1,137.07,201.01,9.5
BKG-10710,Crete,Couple,14,193.02,2758.69,7.9
BKG-10711,Attica,Solo,14,164.52,2356.79,8.4
BKG-10712,Attica,Couple,9,155.27,1459.97,10.0
BKG-10713,Attica,Business,2,114.05,281.83,8.5
BKG-10714,Ionian Islands,Couple,5,225.29,1152.65,9.5
BKG-10715,Dodecanese,Solo,9,150.4,1425.35,7.8
BKG-10716,Peloponnese,Couple,4,241.59,1032.72,9.4
BKG-10717,Dodecanese,Solo,11,227.1,2505.96,7.8
BKG-10718,Cyclades,Solo,3,78.87,273.53,6.2
BKG-10719,Crete,Couple,7,123.8,937.45,8.5
BKG-10720,Dodecanese,Couple,6,108.52,664.58,7.9
BKG-10721,Cyclades,Family,8,148.07,1253.43,6.6
BKG-10722,Cyclades,Business,3,157.49,519.65,8.7
BKG-10723,Crete,Solo,5,159.2,872.81,7.4
BKG-10724,Attica,Family,10,192.17,1971.68,10.0
BKG-10725,Peloponnese,Couple,4,209.74,874.52,6.7
BKG-10726,Cyclades,Business,13,188.7,2509.26,7.0
BKG-10727,Crete,Family,4,127.56,559.63,9.5
BKG-10728,Cyclades,Solo,4,118.72,508.66,8.3
BKG-10729,Cyclades,Family,10,150.11,1595.47,9.5
BKG-10730,Cyclades,Solo,8,167.04,1366.9,9.0
BKG-10731,Peloponnese,Couple,6,142.67,861.16,7.8
BKG-10732,Crete,Business,3,96.18,370.17,6.8
BKG-10733,Attica,Business,10,177.28,1811.13,9.8
BKG-10734,Ionian Islands,Business,5,134.31,715.61,
BKG-10735,Peloponnese,Couple,6,133.1,841.44,9.2
BKG-10736,Ionian Islands,Solo,5,147.82,777.71,9.6
BKG-10737,Peloponnese,Couple,6,140.4,877.08,8.3
BKG-10738,Attica,Business,8,135.34,1112.78,8.1
BKG-10739,Ionian Islands,Couple,7,98.79,742.83,7.3
BKG-10740,Attica,Couple,5,145.51,769.51,9.1
BKG-10741,Ionian Islands,Couple,10,178.12,1845.81,4.8
BKG-10742,Crete,Solo,6,160.59,1023.19,9.4
BKG-10743,Attica,Family,14,187.92,2662.33,8.6
BKG-10744,Cyclades,Family,4,120.86,535.61,8.2
BKG-10745,Peloponnese,Couple,12,98.88,1228.2,8.8
BKG-10746,Ionian Islands,Family,9,140.17,1291.7,6.9
BKG-10747,Attica,Family,13,125.43,1694.38,5.6
BKG-10748,Dodecanese,Couple,4,129.59,565.93,9.1
BKG-10749,Crete,Couple,1,158.47,200.32,10.0
BKG-10750,Cyclades,Business,7,129.88,942.05,6.4
BKG-10751,Dodecanese,Family,7,100.0,729.44,7.2
BKG-10752,Crete,Solo,4,127.64,600.34,9.4
BKG-10753,Ionian Islands,Couple,13,163.6,2183.48,8.9
BKG-10754,Cyclades,Business,14,176.86,2504.22,10.0
BKG-10755,Crete,Solo,3,176.46,585.14,9.8
BKG-10756,Crete,Family,8,166.98,1407.08,9.5
BKG-10757,Attica,Business,5,143.28,769.75,7.6
BKG-10758,Peloponnese,Couple,10,166.2,1739.48,9.1
BKG-10759,Crete,Solo,7,148.31,1057.31,10.0
BKG-10760,Cyclades,Couple,4,154.52,628.25,8.3
BKG-10761,Ionian Islands,Family,4,112.43,504.93,8.4
BKG-10762,Cyclades,Solo,8,151.75,1269.53,8.7
BKG-10763,Crete,Family,14,165.15,2295.31,7.7
BKG-10764,Cyclades,Family,8,163.65,1346.73,8.8
BKG-10765,Attica,Business,2,98.5,226.83,8.8
BKG-10766,Crete,Couple,14,153.85,2176.06,10.0
BKG-10767,Peloponnese,Solo,2,92.24,214.26,8.3
BKG-10768,Ionian Islands,Family,3,156.95,532.77,9.3
BKG-10769,Peloponnese,Family,12,121.95,1493.05,8.3
BKG-10770,Cyclades,Solo,12,218.23,2649.1,9.3
BKG-10771,Peloponnese,Family,3,154.77,481.93,8.2
BKG-10772,Cyclades,Business,1,182.05,257.43,9.2
BKG-10773,Ionian Islands,Business,14,234.43,3340.71,9.4
BKG-10774,Crete,Business,3,117.3,352.05,7.2
BKG-10775,Cyclades,Business,6,167.43,1034.94,9.8
BKG-10776,Cyclades,Family,8,102.56,881.05,8.3
BKG-10777,Crete,Solo,13,163.8,2205.03,7.9
BKG-10778,Crete,Solo,12,220.63,2714.38,7.6
BKG-10779,Crete,Solo,14,124.88,1791.21,8.9
BKG-10780,Crete,Solo,10,114.56,1156.97,8.5
BKG-10781,Attica,Couple,6,146.35,945.5,8.9
BKG-10782,Ionian Islands,Solo,5,231.83,1203.21,9.0
BKG-10783,Ionian Islands,Couple,4,180.84,774.74,9.2
BKG-10784,Cyclades,Couple,3,113.8,387.85,10.0
BKG-10785,Dodecanese,Business,13,208.2,2729.49,8.5
BKG-10786,Attica,Couple,4,83.8,392.49,7.6
BKG-10787,Attica,Family,14,235.46,3350.97,6.1
BKG-10788,Attica,Couple,7,184.26,1331.3,7.1
BKG-10789,Dodecanese,Business,1,220.54,279.96,10.0
BKG-10790,Cyclades,Couple,7,84.09,611.15,9.4
BKG-10791,Attica,Family,1,156.78,201.4,6.9
BKG-10792,Attica,Family,2,144.64,339.8,10.0
BKG-10793,Crete,Family,4,109.72,454.18,8.9
BKG-10794,Cyclades,Business,1,98.16,147.02,9.1
BKG-10795,Peloponnese,Business,11,170.28,1937.75,10.0
BKG-10796,Dodecanese,Solo,12,173.91,2130.86,10.0
BKG-10797,Attica,Business,11,202.0,2271.32,9.4
BKG-10798,Crete,Family,11,129.86,1489.71,9.5
BKG-10799,Dodecanese,Family,9,144.34,1341.3,9.6
BKG-10800,Crete,Business,12,94.7,1180.44,8.2
BKG-10801,Cyclades,Couple,6,211.63,1296.25,8.8
BKG-10802,Attica,Business,13,152.78,2035.84,9.2
BKG-10803,Crete,Business,1,178.9,222.2,8.3
BKG-10804,Attica,Family,1,180.32,240.3,7.3
BKG-10805,Crete,Solo,6,208.36,1311.43,8.2
BKG-10806,Dodecanese,Family,4,116.74,532.78,7.3
BKG-10807,Dodecanese,Solo,4,177.9,751.43,8.6
BKG-10808,Attica,Family,11,149.0,1645.47,6.4
BKG-10809,Cyclades,Business,6,234.23,1470.21,8.9
BKG-10810,Dodecanese,Family,14,116.63,1691.44,6.5
BKG-10811,Peloponnese,Family,12,196.86,2399.61,8.0
BKG-10812,Cyclades,Family,11,164.01,1865.21,9.1
BKG-10813,Dodecanese,Business,7,161.91,1154.4,9.4
BKG-10814,Peloponnese,Business,9,152.16,1440.04,
BKG-10815,Attica,Business,10,203.87,2082.03,8.9
BKG-10816,Attica,Business,5,160.55,836.17,7.2
BKG-10817,Ionian Islands,Solo,9,89.02,838.75,9.7
BKG-10818,Cyclades,Solo,4,198.78,840.49,7.2
BKG-10819,Ionian Islands,Couple,13,191.45,2538.61,9.8
BKG-10820,Peloponnese,Business,10,173.49,1785.87,9.3
BKG-10821,Cyclades,Solo,2,104.86,251.13,10.0
BKG-10822,Ionian Islands,Family,3,111.08,387.24,8.5
BKG-10823,Ionian Islands,Business,13,74.9,1023.87,7.5
BKG-10824,Attica,Couple,11,168.41,1889.56,6.9
BKG-10825,Dodecanese,Couple,1,96.02,130.06,7.1
BKG-10826,Ionian Islands,Couple,14,81.25,1199.67,6.5
BKG-10827,Ionian Islands,Family,14,201.0,2874.49,9.6
BKG-10828,Crete,Solo,6,180.73,1135.52,9.8
BKG-10829,Attica,Family,13,136.67,1845.19,9.2
BKG-10830,Cyclades,Business,6,144.64,878.61,8.5
BKG-10831,Attica,Couple,1,53.71,92.42,10.0
BKG-10832,Cyclades,Family,11,186.67,2080.24,8.4
BKG-10833,Cyclades,Family,13,122.29,1684.9,8.8
BKG-10834,Attica,Solo,3,163.21,553.89,8.4
BKG-10835,Attica,Solo,5,50.46,300.72,8.1
BKG-10836,Dodecanese,Couple,3,189.1,633.0,9.3
BKG-10837,Ionian Islands,Family,10,119.89,1271.23,7.7
BKG-10838,Attica,Family,3,94.96,356.99,7.7
BKG-10839,Crete,Solo,14,136.42,1978.31,9.3
BKG-10840,Cyclades,Family,10,126.14,1306.15,7.9
BKG-10841,Crete,Family,3,192.97,618.88,8.7
BKG-10842,Cyclades,Family,5,133.18,696.66,8.1
BKG-10843,Dodecanese,Solo,13,204.5,2718.55,8.5
BKG-10844,Cyclades,Couple,5,163.21,862.87,7.7
BKG-10845,Attica,Business,4,185.77,784.71,7.7
BKG-10846,Cyclades,Couple,1,149.91,190.5,7.5
BKG-10847,Dodecanese,Business,5,200.88,1083.4,9.5
BKG-10848,Attica,Family,10,103.86,1107.65,8.7
BKG-10849,Attica,Couple,5,154.54,859.31,9.6
BKG-10850,Cyclades,Business,4,134.14,597.14,9.7
BKG-10851,Crete,Solo,6,205.87,1286.36,7.9
BKG-10852,Cyclades,Solo,10,209.96,2149.09,9.6
BKG-10853,Peloponnese,Couple,4,150.02,629.67,8.5
BKG-10854,Cyclades,Couple,14,98.34,1401.53,8.3
BKG-10855,Cyclades,Family,7,167.08,1229.71,10.0
BKG-10856,Cyclades,Couple,7,83.42,615.25,9.2
BKG-10857,Attica,Family,2,215.05,484.33,8.1
BKG-10858,Attica,Family,3,131.07,465.52,9.1
BKG-10859,Cyclades,Solo,1,148.78,185.47,7.0
BKG-10860,Crete,Solo,8,122.76,1072.29,8.8
BKG-10861,Attica,Business,9,113.93,1055.56,6.7
BKG-10862,Attica,Solo,4,179.49,787.76,7.3
BKG-10863,Attica,Solo,6,143.66,920.46,9.2
BKG-10864,Attica,Couple,9,151.7,1439.18,5.3
BKG-10865,Attica,Solo,6,109.84,686.72,10.0
BKG-10866,Cyclades,Business,14,184.24,2675.5,9.5
BKG-10867,Cyclades,Couple,12,188.31,2306.14,6.3
BKG-10868,Peloponnese,Business,12,141.64,1763.21,10.0
BKG-10869,Dodecanese,Solo,12,200.72,2487.53,10.0
BKG-10870,Ionian Islands,Business,9,145.84,1350.47,8.3
BKG-10871,Ionian Islands,Couple,4,181.19,791.27,7.4
BKG-10872,Crete,Family,8,85.08,715.21,10.0
BKG-10873,Attica,Business,9,164.14,1555.2,8.1
BKG-10874,Cyclades,Business,4,139.14,591.36,8.7
BKG-10875,Cyclades,Couple,5,156.22,831.87,
BKG-10876,Crete,Couple,14,154.43,2218.14,8.3
BKG-10877,Crete,Business,8,155.03,1305.93,8.2
BKG-10878,Cyclades,Solo,12,174.63,2184.93,7.0
BKG-10879,Cyclades,Business,10,127.39,1314.86,7.7
BKG-10880,Cyclades,Couple,14,172.76,2491.41,8.2
BKG-10881,Crete,Family,6,199.3,1285.21,7.0
BKG-10882,Cyclades,Family,12,93.59,1176.39,7.1
BKG-10883,Cyclades,Solo,7,118.78,870.46,8.5
BKG-10884,Crete,Business,3,120.46,376.78,6.3
BKG-10885,Cyclades,Family,7,106.32,831.91,7.4
BKG-10886,Crete,Business,12,131.01,1617.23,10.0
BKG-10887,Cyclades,Couple,14,191.32,2708.45,8.1
BKG-10888,Cyclades,Family,8,207.9,1686.03,7.9
BKG-10889,Cyclades,Solo,10,154.25,1572.44,8.1
BKG-10890,Crete,Couple,6,137.03,890.57,8.1
BKG-10891,Peloponnese,Solo,10,182.12,1892.36,9.2
BKG-10892,Peloponnese,Couple,9,55.44,562.0,9.1
BKG-10893,Ionian Islands,Family,13,107.79,1453.92,8.0
BKG-10894,Crete,Solo,6,57.13,367.87,8.2
BKG-10895,Cyclades,Solo,12,107.37,1323.84,10.0
BKG-10896,Ionian Islands,Couple,9,119.32,1101.75,6.7
BKG-10897,Peloponnese,Solo,13,209.11,2779.89,8.4
BKG-10898,Cyclades,Couple,4,39.56,186.97,8.7
BKG-10899,Cyclades,Couple,8,133.33,1102.36,7.6
BKG-10900,Cyclades,Couple,11,174.78,1968.91,8.4
BKG-10901,Cyclades,Couple,4,166.43,682.32,7.4
BKG-10902,Cyclades,Family,2,208.47,467.88,9.3
BKG-10903,Attica,Couple,10,156.44,1612.26,6.9
BKG-10904,Attica,Business,11,164.97,1888.35,9.8
BKG-10905,Peloponnese,Solo,9,76.46,721.74,8.4
BKG-10906,Peloponnese,Business,5,110.47,576.37,8.0
BKG-10907,Ionian Islands,Family,4,78.69,357.28,7.3
BKG-10908,Ionian Islands,Business,2,172.9,373.84,9.7
BKG-10909,Ionian Islands,Solo,1,163.95,214.73,7.7
BKG-10910,Attica,Business,11,162.54,1800.74,7.1
BKG-10911,Ionian Islands,Family,7,114.74,841.07,9.8
BKG-10912,Crete,Couple,6,111.08,697.91,7.4
BKG-10913,Attica,Business,2,158.38,378.12,8.4
BKG-10914,Attica,Family,8,123.22,1019.55,9.5
BKG-10915,Attica,Family,11,109.18,1216.26,8.7
BKG-10916,Ionian Islands,Solo,4,129.66,564.6,10.0
BKG-10917,Dodecanese,Solo,8,123.57,1044.96,7.5
BKG-10918,Crete,Business,7,115.33,851.89,8.2
BKG-10919,Cyclades,Couple,5,100.97,542.62,8.3
BKG-10920,Peloponnese,Family,10,167.95,1716.07,9.2
BKG-10921,Attica,Business,10,212.24,2174.66,10.0
BKG-10922,Peloponnese,Family,12,148.44,1813.49,8.6
BKG-10923,Crete,Family,8,158.9,1314.63,8.3
BKG-10924,Attica,Couple,14,171.46,2465.45,6.7
BKG-10925,Cyclades,Couple,9,164.66,1505.91,8.6
BKG-10926,Ionian Islands,Business,5,116.12,629.73,7.7
BKG-10927,Attica,Couple,10,218.79,2202.12,9.2
BKG-10928,Crete,Couple,5,119.71,653.11,8.0
BKG-10929,Ionian Islands,Business,2,175.92,382.26,8.2
BKG-10930,Cyclades,Couple,5,171.21,926.44,6.7
BKG-10931,Peloponnese,Solo,3,71.66,235.44,6.3
BKG-10932,Dodecanese,Family,7,135.65,1008.39,10.0
BKG-10933,Attica,Family,10,152.27,1597.12,8.7
BKG-10934,Cyclades,Family,5,155.33,806.04,9.0
BKG-10935,Ionian Islands,Family,8,162.06,1329.24,7.4
BKG-10936,Cyclades,Business,1,180.31,211.43,9.6
BKG-10937,Dodecanese,Family,3,149.7,489.38,9.3
BKG-10938,Cyclades,Family,3,164.18,552.89,7.5
BKG-10939,Attica,Family,9,148.2,1372.45,7.2
BKG-10940,Ionian Islands,Family,5,109.31,574.13,7.6
BKG-10941,Attica,Solo,12,151.3,1825.22,8.5
BKG-10942,Crete,Family,9,179.96,1701.68,8.7
BKG-10943,Peloponnese,Solo,13,194.35,2610.16,8.5
BKG-10944,Cyclades,Business,9,171.49,1604.61,10.0
BKG-10945,Cyclades,Couple,1,203.37,237.16,7.6
BKG-10946,Cyclades,Family,2,166.75,398.45,7.2
BKG-10947,Dodecanese,Couple,5,184.56,991.77,8.5
BKG-10948,Peloponnese,Couple,4,187.5,794.92,6.5
BKG-10949,Attica,Business,10,141.07,1461.53,9.3
BKG-10950,Crete,Couple,9,179.04,1686.0,8.6
BKG-10951,Crete,Solo,7,112.37,803.78,8.1
BKG-10952,Cyclades,Couple,6,163.99,1053.91,8.0
BKG-10953,Dodecanese,Couple,7,173.08,1255.38,9.6
BKG-10954,Attica,Couple,1,192.04,219.79,9.6
BKG-10955,Ionian Islands,Family,1,182.83,212.22,8.2
BKG-10956,Attica,Family,8,192.56,1573.19,9.2
BKG-10957,Cyclades,Solo,13,146.02,1924.06,9.5
BKG-10958,Cyclades,Solo,13,136.18,1855.77,8.9
BKG-10959,Crete,Family,2,139.0,337.82,8.3
BKG-10960,Cyclades,Solo,12,160.65,1999.09,9.0
BKG-10961,Crete,Family,10,77.65,837.75,7.3
BKG-10962,Cyclades,Business,11,203.27,2287.19,8.6
BKG-10963,Ionian Islands,Couple,9,151.75,1417.25,8.2
BKG-10964,Ionian Islands,Couple,7,133.4,975.85,8.0
BKG-10965,Ionian Islands,Solo,6,48.81,336.54,6.4
BKG-10966,Crete,Family,1,148.53,170.37,7.3
BKG-10967,Ionian Islands,Family,1,142.06,213.7,7.9
BKG-10968,Attica,Solo,2,114.12,241.98,9.6
BKG-10969,Attica,Family,6,123.08,767.31,8.8
BKG-10970,Crete,Business,14,148.93,2175.26,9.6
BKG-10971,Dodecanese,Couple,6,126.47,811.54,10.0
BKG-10972,Crete,Solo,2,172.88,399.31,8.9
BKG-10973,Cyclades,Solo,1,120.05,182.8,8.7
BKG-10974,Cyclades,Family,10,156.18,1580.99,7.3
BKG-10975,Ionian Islands,Solo,5,197.2,1008.12,10.0
BKG-10976,Attica,Business,5,148.54,783.8,6.8
BKG-10977,Cyclades,Family,2,164.24,360.41,8.6
BKG-10978,Attica,Family,6,161.71,1018.76,9.5
BKG-10979,Attica,Family,9,150.32,1412.59,9.5
BKG-10980,Ionian Islands,Family,2,147.32,372.42,7.1
BKG-10981,Crete,Business,10,127.15,1337.72,8.0
BKG-10982,Cyclades,Family,2,156.04,342.19,7.5
BKG-10983,Cyclades,Solo,3,138.67,458.51,6.1
BKG-10984,Crete,Business,13,211.84,2790.98,8.7
BKG-10985,Attica,Couple,7,182.45,1306.82,7.6
BKG-10986,Crete,Couple,6,91.89,576.46,10.0
BKG-10987,Attica,Solo,12,94.11,1212.61,9.2
BKG-10988,Cyclades,Solo,8,144.78,1208.45,8.5
BKG-10989,Peloponnese,Business,8,134.19,1119.04,7.9
BKG-10990,Crete,Couple,6,142.67,915.71,8.6
BKG-10991,Crete,Couple,12,176.05,2173.27,8.2
BKG-10992,Ionian Islands,Couple,11,162.63,1861.31,8.6
BKG-10993,Attica,Couple,10,162.23,1657.43,10.0
BKG-10994,Ionian Islands,Couple,3,207.85,681.6,7.2
BKG-10995,Cyclades,Family,3,94.44,315.1,8.3
BKG-10996,Dodecanese,Solo,1,154.16,200.36,9.3
BKG-10997,Cyclades,Family,7,126.84,939.01,8.0
BKG-10998,Dodecanese,Couple,5,207.42,1090.19,10.0
BKG-10999,Attica,Business,4,61.63,298.73,9.3
